CongestionIndex,CoV
1.305246928,0.334238447
1.148197059,0.206165574
1.092832263,0.06988149
1.143423893,0.052217407
2.018297748,0.239007552
2.166986409,0.227080834
1.867932929,0.223613149
2.019600855,0.231958542
1.87724398,0.272656151
2.046834168,0.240516055
1.615459412,0.234361196
1.986896962,0.224520864
1.710947067,0.486106304
1.671151964,0.252866442
1.400968505,0.36717316
1.677996617,0.230644534
1.438197585,0.266203255
1.480828883,0.280613819
1.23656065,0.210814755
1.483190277,0.22364034
1.411378053,0.352097301
1.379275439,0.185256744
1.13677044,0.152885671
1.593189623,0.533183616
1.838553907,0.467272902
1.671587091,0.242888009
1.352631665,0.269656283
2.023980121,0.425216468
2.748166685,0.587180217
2.505824249,0.375548143
1.758879708,0.338189132
3.003543979,0.459358333
1.668634149,0.292766407
1.573268973,0.28450647
1.35099404,0.191337598
1.617474469,0.344462793
1.438294946,0.231056393
1.474136017,0.241908237
1.242385302,0.207842714
1.446098448,0.264879983
1.87610473,0.616057257
2.118645443,0.545055484
1.480643119,0.400651166
2.036358983,0.499237238
1.673210206,0.1775476
1.650059432,0.152773915
1.428128786,0.237659436
1.735922375,0.255882906
1.460371965,0.238590329
1.456169396,0.182289634
1.303815981,0.201766337
1.669542913,0.250859171
1.79409504,0.26660752
1.750198677,0.218803515
1.459117668,0.247423678
1.820558992,0.203548614
1.412145019,0.266932581
1.314581678,0.237300893
1.201605446,0.21362284
1.344435427,0.313717651
1.496713392,0.368330021
1.318641054,0.269164124
1.191002356,0.235203996
1.384729844,0.294583327
1.262769218,0.285273129
1.232794544,0.203801201
1.148608418,0.24771632
1.256478998,0.275943512
1.477497487,0.294358522
1.745283478,0.306581327
1.46250715,0.263948909
2.104160273,0.326018195
1.283721042,0.400585183
1.57748263,0.327631776
1.372562584,0.32420207
1.724042126,0.320059737
1.499829761,0.404324706
1.398190342,0.284552042
1.234154118,0.284870829
1.467773255,0.323387359
1.25406254,0.274240664
1.210445298,0.201555395
1.150005962,0.244662772
1.308506072,0.315962156
1.233112093,0.324515265
1.189539862,0.23504864
1.125659272,0.191862171
1.282671036,0.352329793
2.488796714,0.37988655
1.724722663,0.295238239
1.480957518,0.316895895
1.757606679,0.300580634
1.919061015,0.329189851
1.44446257,0.164329872
1.239797595,0.17819312
1.504673934,0.203542124
1.421407563,0.187148432
1.398891262,0.132716421
1.202066118,0.304989998
1.521374258,0.156016067
1.789479233,0.448817086
2.230709371,0.434797331
1.562153848,0.403031917
2.409347035,0.433378685
2.085469213,0.527446388
1.612116586,0.165947002
1.378566117,0.170264879
1.717036788,0.178510948
2.950073156,0.637246296
1.649824198,0.266046064
1.357369602,0.219838649
1.825759833,0.380127498
1.818811321,0.339300461
2.009737091,0.401592841
1.559749142,0.382641948
1.890113653,0.333899204
1.48727721,0.327795793
1.527013113,0.253603789
1.39793377,0.293397462
1.417332139,0.262619546
1.5146532,0.163340243
1.518240379,0.146822874
1.304897452,0.176322952
1.690613489,0.156727319
1.612701104,0.303474122
1.579473334,0.341431926
1.318904195,0.316706145
1.632816707,0.331010938
1.809455507,0.330960161
1.610862862,0.237794681
1.326322153,0.229178638
1.787188529,0.304610958
1.571635639,0.251348677
1.846807218,0.231007456
1.556919571,0.239210268
1.976585542,0.292736065
1.410747936,0.312734832
1.403705969,0.26941541
1.354445394,0.278920633
1.621638921,0.407762244
1.185882767,0.140220699
1.08770091,0.082776046
1.065891004,0.162141205
1.260120386,0.337593968
1.485765493,0.287189442
1.367891994,0.255845507
1.248323882,0.186370253
1.494342024,0.302938451
1.837824919,0.457831265
1.738412745,0.412784242
1.461664915,0.320183609
1.986147996,0.424444367
1.026133493,0.009821764
1.026997317,0.010708326
1.044078697,0.023440531
1.015565627,0.012452288
1.026133493,0.009821764
1.026997317,0.010708326
1.044078697,0.023440531
1.015565627,0.012452288
0.948151971,0.014748791
0.946134653,0.013232828
0.962328318,0.020443419
0.947829525,0.012944738
1.101422497,0.018969434
1.108732266,0.018613929
1.13086656,0.028861083
1.105748986,0.017292844
1.563116285,0.354498213
1.440834803,0.368390022
1.329415622,0.302320343
1.532910629,0.333958977
1.114312066,0.022252952
1.122125365,0.022388215
1.143927379,0.032007527
1.119127831,0.020761021
1.196736485,0.475792668
1.188079307,0.252198996
1.169465986,0.188527207
1.318087943,0.271019113
1.215255944,0.393281007
1.234552256,0.154073193
1.182445184,0.182761901
1.299816547,0.176361289
1.199389679,0.292988043
1.18620347,0.187309466
1.145192916,0.257951937
1.332333489,0.468180168
1.270634537,0.439414618
1.297283292,0.478776968
1.314700525,0.537310889
2.254645449,0.594665551
2.197154435,0.569278178
2.631621613,0.521025615
2.258191761,0.529656101
3.785034786,0.479712352
1.033994974,0.012080915
1.030394252,0.010423872
1.015232284,0.012576099
1.032075884,0.014413171
1.058136931,0.021016637
1.055725838,0.019834964
1.06254394,0.024158517
1.061270289,0.050117203
1.317622396,0.118009652
1.286167557,0.11218492
1.258327358,0.082478685
1.302765364,0.123277269
1.037876494,0.011914603
1.042824689,0.013019673
1.051604871,0.02464661
1.041947723,0.016638345
1.020209278,0.014155791
1.024685701,0.014144183
1.031217837,0.024736441
1.010847241,0.014305975
1.00438875,0.008565475
1.001394931,0.008379588
1.00820298,0.015344878
1.003810692,0.009444949
1.00492105,0.009971726
1.001976149,0.009747923
1.008735517,0.016899064
1.004397882,0.010863035
1.180656125,0.114354292
1.138292573,0.084626547
1.120233908,0.082108182
1.170295212,0.112421714
3.683493276,0.66669932
3.341936828,0.624716401
3.239515273,0.615418336
3.636764741,0.68621168
1.455651881,0.40342941
1.448817866,0.441338527
1.425881131,0.503495035
1.509510012,0.571998613
1.375295077,0.398683225
1.537073465,0.340690155
1.531252174,0.276879512
1.649902052,0.470738903
2.004773947,0.480460823
1.333436381,0.212523155
1.35537018,0.289564844
1.386353476,0.343087526
3.486582053,0.504833272
2.890178528,0.466325261
2.545664419,0.4689565
3.02018084,0.51607643
2.036019943,0.481265911
2.079168358,0.410254772
1.961799423,0.403380185
2.084995054,0.508716132
1.554962406,0.525334405
1.30961563,0.323726003
1.289263163,0.385989454
1.357900977,0.378973548
1.212727808,0.161680551
1.146468043,0.126116067
1.092276556,0.101450194
1.18771251,0.138938057
1.353602569,0.22817169
1.244436609,0.147804207
1.161289491,0.171304699
1.28965798,0.162482002
1.300886474,0.182867391
1.153400727,0.261987734
1.093948985,0.123513585
1.164137089,0.185638794
1.449217462,0.268762751
1.289258458,0.20038647
1.208076113,0.153068757
1.382273993,0.246253396
1.729967631,0.526297234
1.478484244,0.308616226
1.378942787,0.270482389
1.589974435,0.362881952
2.180966451,0.729824584
1.298034918,0.249090746
1.192472536,0.184542205
1.582125857,0.417997042
2.06432069,0.505675662
1.72732596,0.313965571
1.606301414,0.232131959
1.707180301,0.31506662
1.590350132,0.176774079
1.626128692,0.14784993
1.415386672,0.186570017
1.707897674,0.218924261
1.795729965,0.320973346
1.935833499,0.30286965
1.465381092,0.276333446
2.442938827,0.357772311
1.750919506,0.245399124
1.79172904,0.221775553
1.528930636,0.231087792
1.986739438,0.257877807
1.77976917,0.462605058
1.848440421,0.36771168
1.55500041,0.358808609
2.435746338,0.44465975
2.200760448,0.533680181
2.283916802,0.446546725
1.940223354,0.410473847
3.00717655,0.531272477
2.179507948,0.432699565
2.473545912,0.451439915
2.315202289,0.445701203
2.630626942,0.519860751
1.724857809,0.278285962
1.671131712,0.232745358
1.493549858,0.220499145
1.800215814,0.279739129
2.39859886,0.397975872
2.280925751,0.334027136
1.910490509,0.315243684
2.502738448,0.387939027
2.023860445,0.591100476
1.821853209,0.517328541
1.698352855,0.526116227
2.184540878,0.723904533
2.534592934,0.470638655
2.218778505,0.413039481
1.907003556,0.415487917
2.689991088,0.471589568
2.392349407,0.252449041
2.093447609,0.219027167
1.904320937,0.275854415
2.875375858,0.345722548
2.010258752,0.21914331
1.872219665,0.169312326
1.711027199,0.215942616
2.214536779,0.207430069
1.83410109,0.188087389
1.628418739,0.122917076
1.434246403,0.165850389
1.891222896,0.157507268
2.515352822,0.465950494
2.288014284,0.36831928
1.938790345,0.422897566
2.383764221,0.435554246
1.902344981,0.183376042
1.7516233,0.165841364
1.589471441,0.184618405
2.084660401,0.184783208
2.679537453,0.585249107
2.547908979,0.472150685
2.226222017,0.542096765
3.520437223,0.598732363
1.539867399,0.25772174
1.495526516,0.24927764
1.353423082,0.214730153
1.651701939,0.252574689
1.469383183,0.230361948
1.487158773,0.276080264
1.350992401,0.223446572
1.565190047,0.246532124
1.625251063,0.27671947
1.542976805,0.289227219
1.437588998,0.286173348
1.677726686,0.306924906
1.64084009,0.334809208
1.536845086,0.268742077
1.429553214,0.230724654
1.695172799,0.37432812
1.593130267,0.428756557
1.57034942,0.302070336
1.373195391,0.241806513
1.647964216,0.328293197
1.66607987,0.271899167
1.544630051,0.273051688
1.385150324,0.233653569
1.703049344,0.314009549
2.389457455,0.58159624
2.158050821,0.439537951
1.980740125,0.579742783
2.670418048,0.70862861
1.916085721,0.160211381
1.779771729,0.145562139
1.598190713,0.165278687
1.951194385,0.141553864
2.265511371,0.552740532
2.177561216,0.505471699
1.924923498,0.460770946
2.400157445,0.459654444
1.787985984,0.150392073
1.63705532,0.108711814
1.497023145,0.136898183
1.820353336,0.127804335
2.490252964,0.307208715
1.961144359,0.200039611
1.737637305,0.251905043
2.246802568,0.22159326
2.348566526,0.349717574
1.939408165,0.216338385
1.693337274,0.259377885
2.218601141,0.296153099
1.927439218,0.397085696
1.882860953,0.376391865
1.689248835,0.342281052
2.064140694,0.482480223
2.077454034,0.563989152
1.790610915,0.450677603
1.710490239,0.510884652
1.867879502,0.47404574
2.743441828,0.420504361
2.225259229,0.313622302
1.857858833,0.311692478
2.529897606,0.422348322
1.773808385,0.241156063
1.757270864,0.254597928
1.549056193,0.217727398
1.84076224,0.320949892
2.329876116,0.466861954
2.398613237,0.558796864
2.150574979,0.452565475
2.352615081,0.592809376
2.028796243,0.433192136
2.125414455,0.397959936
1.931829132,0.398312153
2.440487645,0.429857535
1.953816046,0.25195079
1.679078465,0.286894635
1.51152745,0.267698852
1.766351361,0.255315433
2.178843107,0.277692608
1.921330701,0.227270066
1.685417527,0.237432645
2.035722354,0.30325189
1.800650231,0.367995876
1.820818618,0.462463998
1.387766046,0.420210523
1.854789785,0.389768523
1.818211887,0.342844916
1.731972108,0.276633979
1.475088659,0.220076354
2.043024826,0.311210188
1.886378826,0.73685422
1.633056688,0.441485181
1.463572166,0.355483087
1.99170176,0.571467492
1.379848597,0.46124939
1.354915479,0.258019664
1.266662688,0.241329722
1.401526946,0.29962677
1.431834902,0.27776587
1.378797683,0.20020681
1.327597906,0.223889249
1.530978358,0.275795013
1.577523505,0.399208807
1.515892362,0.278872322
1.43642178,0.264484632
1.618300732,0.330454213
1.506523087,0.256096089
1.473219325,0.200187486
1.405034741,0.201254967
1.572265878,0.224487503
2.07748299,0.575111772
2.511909293,0.462488742
1.88818431,0.412783538
2.450465153,0.510467269
1.520564725,0.584297193
1.484287488,0.292413959
1.407956315,0.250405845
1.545738125,0.279501554
1.935731682,0.39195074
1.508461321,0.238882864
1.439456107,0.2510848
1.566574839,0.26579062
1.934626301,0.40140184
1.982474729,0.434578729
1.716450058,0.346839912
2.039927141,0.475358049
1.778587099,0.3602697
1.54271443,0.215562437
1.46515878,0.215926179
1.682865488,0.256913406
1.397467706,0.224965498
1.314573909,0.145165466
1.257754758,0.165370599
1.372524677,0.235054588
1.600376676,0.39419227
1.425867284,0.201906859
1.365604584,0.210866333
1.655936978,0.320227831
2.019823118,0.529007851
1.463281095,0.246413258
1.31485606,0.201687728
1.59624665,0.27323347
1.924211542,0.544055483
1.451615488,0.266551858
1.3446987,0.195030015
1.438142885,0.354554538
1.643612226,0.353464274
1.683232556,0.388991417
1.559130066,0.335508755
2.469334941,0.538299642
2.111938239,0.655344999
2.39561956,0.449706519
2.015610299,0.437890069
3.196240633,0.41348153
1.406693357,0.244235405
1.458160864,0.177148218
1.381031717,0.289912634
1.683113422,0.19080893
1.564307279,0.158378163
1.541043303,0.16846802
1.455507763,0.24243281
1.994691862,0.232543867
2.865206366,0.501525964
2.876020557,0.430707883
2.445479307,0.482271508
3.204189968,0.43039065
2.01742084,0.517329584
2.037808335,0.514013517
1.758761697,0.452600248
1.992370496,0.390484211
1.402908642,0.207473341
1.406789183,0.233970382
1.315602079,0.230342117
1.61183455,0.228226738
1.537634818,0.351383726
1.65429034,0.281767679
1.421103684,0.264340987
2.049110482,0.352137433
1.963280259,0.240619715
1.88109843,0.220768931
1.6432383,0.271959328
2.343262919,0.366341895
2.015032405,0.464134294
1.991432124,0.460564484
1.687036475,0.449571551
1.959219443,0.535022975
2.063925455,0.335314362
1.940902701,0.341454089
1.72524051,0.334043392
2.054946369,0.326674826
2.655342519,0.469565348
1.953751525,0.465536982
1.934849227,0.454398231
2.196206598,0.551944535
1.522035511,0.330980015
1.579938952,0.264508937
1.369764405,0.252216031
1.795374322,0.30049881
1.572283352,0.465919691
1.644850604,0.463933358
1.39510141,0.343871148
1.92099942,0.522695785
2.666185155,0.522911387
2.690424396,0.524377793
2.046385873,0.59778736
2.401786745,0.652222067
3.190155914,0.776848275
2.876460165,0.606652457
2.415119938,0.624919918
2.405346003,0.538345253
1.505109201,0.151074901
1.411318703,0.128660559
1.333719796,0.148237188
1.789339867,0.288820223
1.59776673,0.5862988
1.428600869,0.323955146
1.387071591,0.32624675
1.476146821,0.466405743
1.65966689,0.376079627
1.666792629,0.298135971
1.543486023,0.331326027
1.7055964,0.305831478
1.600708886,0.280377303
1.603502395,0.336807283
1.43473074,0.281417918
2.000461162,0.405084364
1.622722589,0.444685648
1.736489255,0.406105029
1.460003556,0.328231046
1.706532696,0.435146039
1.416198451,0.4450454
1.334696746,0.311653706
1.186971249,0.265122078
1.311930546,0.292238847
1.530336671,0.333316223
1.502587454,0.318046241
1.369510959,0.295694418
2.149403942,0.436764753
1.695790533,0.646703269
1.362527115,0.378796097
1.208949266,0.27478278
1.49428953,0.474809782
1.449951199,0.540938738
1.44507313,0.45111439
1.376851605,0.454432204
1.688226668,0.553151268
1.310311421,0.309242946
1.311924,0.355588413
1.241813961,0.271913569
1.361691571,0.342552811
1.516631575,0.489727557
1.747073837,0.538101836
1.38981741,0.521596446
1.684306702,0.464375071
1.259584508,0.32769446
1.2582683,0.217988053
1.177913385,0.204587548
1.274491318,0.224436568
1.129928122,0.342950386
1.139071068,0.361967651
1.10353133,0.31096973
1.122818029,0.378816703
1.132890281,0.319823951
1.146613946,0.202037193
1.11570507,0.169125656
1.118253036,0.24488383
1.213059508,0.239585563
1.198900121,0.228732877
1.175184551,0.227433013
1.256514813,0.42333821
1.407719058,0.438954152
1.430983432,0.523348361
1.291675592,0.201461973
1.404700977,0.270721757
1.447873125,0.424812
1.400414666,0.420816285
1.24320668,0.214890067
1.386943871,0.32447148
1.0764637,0.116230496
1.188740527,0.854233684
1.148719911,0.211691219
1.108566913,0.210447884
1.076825586,0.097304374
1.180548475,0.516203794
1.184262973,0.156811611
1.379493572,0.963842431
1.133303207,0.158121954
1.142432306,0.235526835
1.221824408,0.224922588
1.153652973,0.347970132
1.401221331,0.994533078
1.105931405,0.26939568
1.06054544,0.096665474
1.063725469,0.101195603
1.150049704,0.241108237
1.107155045,0.202288803
1.165736758,0.27162916
1.111889479,0.219371541
1.237369486,0.271702054
1.198330716,0.199999695
1.26211344,0.317563635
1.244513864,0.265132302
1.282400526,0.210193424
1.212492526,0.29278436
1.215247943,0.286158675
1.231475741,0.248739325
1.490099253,0.541204088
1.644320013,0.680120513
1.423944833,0.277126787
1.479452958,0.442730924
1.021616235,0.243668159
1.045094084,0.268636426
1.100474904,0.323245513
1.041240145,0.259013066
1.238662383,0.243902448
1.267034101,0.248756134
1.162236536,0.20581396
1.219590048,0.208986824
1.3895487,0.310174896
1.48887273,0.372322655
1.261514948,0.258584434
1.703250379,0.396032934
1.200571663,0.296695988
1.239046609,0.255635011
1.167600702,0.24242244
1.272393394,0.318442103
1.468711375,0.643490822
1.59395982,0.605569655
1.29617631,0.410460636
1.603167299,0.615629954
1.522225065,0.26915891
1.357659911,0.121836532
1.268017071,0.149697902
1.414513789,0.127043532
1.872606673,0.373284626
1.783013145,0.324893774
1.538292146,0.297866643
2.012236026,0.46850455
1.559003233,0.455673041
1.593877944,0.383478168
1.359886011,0.311822485
1.838069747,0.541048784
1.659203561,0.431564665
1.578842944,0.354006621
1.430825478,0.316345013
1.802494625,0.457096467
1.582168998,0.488072807
1.512295878,0.301168267
1.334626814,0.313469513
1.916099373,0.392940241
2.707415796,0.506920575
2.485825803,0.42501689
1.899064158,0.403120734
2.75708978,0.465647728
1.879561693,0.342781222
1.757686862,0.264529318
1.555682708,0.334760925
2.018363634,0.283518644
1.765080123,0.529666676
1.791594032,0.471598061
1.543521045,0.44753055
2.112662827,0.640102163
2.329447581,0.528705721
1.581537651,0.362195967
1.487510595,0.388141446
1.814443251,0.409896529
1.751074065,0.220691448
1.531643053,0.145995545
1.396953049,0.193421773
1.786653348,0.165636716
1.917854991,0.437728814
2.174765742,0.528053736
1.776102924,0.430342675
2.533539173,0.537307745
1.898347854,0.441621219
1.926044729,0.520460526
1.597510503,0.4118914
2.350394995,0.587731796
1.806130903,0.426492426
1.809959808,0.486923907
1.519609374,0.429325255
2.093433367,0.510032292
1.582154964,0.196304572
1.615950155,0.160812895
1.477929405,0.1991459
1.764085287,0.228721538
1.96873408,0.423708016
1.84831042,0.417981646
1.671849557,0.398740094
1.980515984,0.398740292
1.799086381,0.400447356
1.501659954,0.288975627
1.383625095,0.290730621
1.716281825,0.345003699
3.142991373,0.554607729
2.15889513,0.393503513
1.80119939,0.341154846
2.795968768,0.465175826
1.914901778,0.337250936
1.849588979,0.278769296
1.585975033,0.264671622
2.095765568,0.281555495
1.556047217,0.40530618
1.459434765,0.495872444
1.349146058,0.435515089
1.821983893,0.695153199
1.557948627,0.290281803
1.404875422,0.206971603
1.31704244,0.213394439
1.582834397,0.247169424
1.824471496,0.464928381
1.657357276,0.3973977
1.438630806,0.368174924
1.961305664,0.442899649
2.636238425,0.389077737
2.598544383,0.365686202
2.108907306,0.411236818
3.09520793,0.427736605
1.641547446,0.474302339
1.479619669,0.358164145
1.379901053,0.399343451
1.484556453,0.288609507
2.534223812,0.544509686
1.730272647,0.266415345
1.547268039,0.261943089
1.970151411,0.367373744
2.033003804,0.451682478
1.882161084,0.431366638
1.698912773,0.351448317
2.039608451,0.478882644
2.611350825,0.662300213
2.079065874,0.536556597
1.813054265,0.513740831
1.853939333,0.691537166
1.399435097,0.365559388
1.225924486,0.209663776
1.144747375,0.138866407
1.381895457,0.39875767
1.359160163,0.521925429
1.344725978,0.46269369
1.28607166,0.43237515
1.351778109,0.718819404
1.282271736,0.245593649
1.308195319,0.27425622
1.26305431,0.248898334
1.338233378,0.399594529
1.219564637,0.328033955
1.112222471,0.32059601
1.106319049,0.231148637
1.184671792,0.365705433
1.680904003,0.429505705
1.727184959,0.481350583
1.62037684,0.305666245
1.629383987,0.42813853
1.156304401,0.112462554
1.347921269,0.638624752
1.320341672,0.668564401
1.121654397,0.118735589
1.950728321,0.591292639
1.741296292,0.562189886
1.674339659,0.418568025
1.716725071,0.625243007
1.276001901,0.380821546
1.6967275,1.124717127
1.276214111,0.311875114
1.140042418,0.298062083
4.481698293,0.731287841
3.368046087,0.587549738
2.669729991,0.599321101
4.579205802,0.615293369
4.213787958,0.530037543
3.719088458,0.460519182
2.986847138,0.47357287
4.081941557,0.48687686
1.599774242,0.145726776
1.555271016,0.146570172
1.374774205,0.191221711
2.464318567,0.402268293
1.45850715,0.216588987
1.615002924,0.190582898
1.48683341,0.211967186
1.506115913,0.18066666
1.328544054,0.163599763
1.418149095,0.128107991
1.256939333,0.181490678
1.430426034,0.177182696
1.84214895,0.453831249
1.971269857,0.324465912
1.65535133,0.383294333
2.038709709,0.345537021
1.433778218,0.162766476
1.364045718,0.137525509
1.264221361,0.138810306
1.473999111,0.119844274
1.690742381,0.346720094
1.471064199,0.26397068
1.366182656,0.229705709
1.674810499,0.246473456
1.593307955,0.233546711
1.447944686,0.149062971
1.354980478,0.191962152
1.537888116,0.168713017
1.549360672,0.420651312
1.488651875,0.22165719
1.555662467,0.231703635
1.584933276,0.237581329
1.696056688,0.565000749
1.646279744,0.430060461
1.540025929,0.447467853
1.83058184,0.447847007
1.497935717,0.351884485
1.369945972,0.240673919
1.259552623,0.273671251
1.414758616,0.211348854
1.694099946,0.262765443
1.603030852,0.281166944
1.3873875,0.243686062
1.852026438,0.321501367
1.66776099,0.31077426
1.51791186,0.258358526
1.271094327,0.219956485
2.103877671,0.435725757
1.788620167,0.41279766
1.550455208,0.226900777
1.310521849,0.21051482
2.321785368,0.554973786
1.649479491,0.259448891
1.629961699,0.274363851
1.407849918,0.342813698
1.717722764,0.272908978
1.688596249,0.294208438
1.629177224,0.289159263
1.404305376,0.278131284
1.688258306,0.314534079
1.816868019,0.456358225
1.748835063,0.567479987
1.357242415,0.362386479
1.753489172,0.578024154
1.38476804,0.222402526
1.283810357,0.228264243
1.191621115,0.187702739
1.30591552,0.348591729
1.998126841,0.469214975
1.778314703,0.426859935
1.568950589,0.507061015
1.859479866,0.406871056
1.082793683,0.291573506
1.260491216,0.271249427
1.131998021,0.265230174
1.198281271,0.314896792
1.800950184,0.28199666
1.510586525,0.193243622
1.460328997,0.189972764
1.843249588,0.275896353
1.886176925,0.379602832
1.495446217,0.233967625
1.35154186,0.22792943
1.809969409,0.288669896
1.519506516,0.148015178
1.403668279,0.107238783
1.296131465,0.129758479
1.555217357,0.121149953
2.114452751,0.415284182
2.009794771,0.370175676
1.650094548,0.346555732
2.098014454,0.40365579
1.683541863,0.426994904
1.282532015,0.121065532
1.181089717,0.1247882
1.262732109,0.152778553
2.167588472,0.24363785
1.687442803,0.137036576
1.547058813,0.217859946
1.966673623,0.225551485
2.014145221,0.238517235
1.568904165,0.112613215
1.393045111,0.122235097
1.676637516,0.099949453
2.780577165,0.559947213
2.613657434,0.518476151
2.241031075,0.544458412
2.818857152,0.575612357
3.08106076,0.414010992
2.690939464,0.331720936
2.289315208,0.36889232
2.607177633,0.368941939
1.053074566,0.160259551
1.036738324,0.104486145
1.038769106,0.291768245
1.196515734,0.347750837
2.237302687,0.456106139
1.708951895,0.320350847
1.497466197,0.338375062
2.435542213,0.437676588
2.595512207,0.377558276
1.937004189,0.217304539
1.682598652,0.267530595
2.047532762,0.247325617
1.632245217,0.288041301
1.446536252,0.202176102
1.278324561,0.233825526
1.583071066,0.236323565
1.962764076,0.209282469
1.72832846,0.153720414
1.499349253,0.196312499
1.776507584,0.24060786
1.554051398,0.153250858
1.409708789,0.107398086
1.321169332,0.149426202
1.614813389,0.22223972
1.693071503,0.235433732
1.514088958,0.137739814
1.366454993,0.207218677
2.215895334,0.430271889
2.330448448,0.228424397
2.080376158,0.178588722
1.64338503,0.263889013
2.942688707,0.256691532
1.538169059,0.240370481
1.581282534,0.214112521
1.499171846,0.25670947
1.768119186,0.230349196
1.285868601,0.434496584
1.274458436,0.329163162
1.263678389,0.30767027
1.390448579,0.332467997
1.974657809,0.471030713
1.896440591,0.412404169
1.660993176,0.455362632
2.186519268,0.374857794
1.3136674,0.272719867
1.423064099,0.263470243
1.412289073,0.249123758
1.487066051,0.257063359
1.315286984,0.144405961
1.301634232,0.135202069
1.339899066,0.162243707
1.347426454,0.147040861
1.296012219,0.243458996
1.653451416,0.238326267
1.248834301,0.210588671
1.862891764,0.264255797
1.336505454,0.136528189
1.320547773,0.100222141
1.19648168,0.122237173
1.452204574,0.141288792
1.431073432,0.099471102
1.376493612,0.091995408
1.264106106,0.118752086
1.457877428,0.108455571
1.335694005,0.140344639
1.345899491,0.130925039
1.221884726,0.153319565
1.403701486,0.137594306
1.829218762,0.384615809
1.968811286,0.420251909
1.604492424,0.337295136
2.144100982,0.355470314
1.440062525,0.221562727
1.388398614,0.245245429
1.306652437,0.205173755
1.502194526,0.185666156
3.738010733,0.507402261
2.898327296,0.50312089
2.349203876,0.456922993
4.085975144,0.590814515
1.871438853,0.319615472
1.682875825,0.243284736
1.719311082,0.336166894
1.914334184,0.286405624
1.805877379,0.448101391
1.769810101,0.412177952
1.534540709,0.327362273
1.730788695,0.446691101
2.290461167,0.27426207
2.264505473,0.267778185
1.93886596,0.262972907
2.554534084,0.355041661
2.46139325,0.376061376
2.343552695,0.361954884
2.037039863,0.365386743
2.541825731,0.400917558
1.596330788,0.42078818
1.603303125,0.297992177
1.422075509,0.279351423
1.567315327,0.307979482
1.889558878,0.466754889
1.978425431,0.459700179
1.474285549,0.371085722
1.682918022,0.40678259
1.264727734,0.167705786
1.334571776,0.216474734
1.23411939,0.163170715
1.284061659,0.156427628
1.427906194,0.167888376
1.315928677,0.119827888
1.24004481,0.127777584
1.365109655,0.138657128
1.639235893,0.388079827
1.26935877,0.093312392
1.1741854,0.10290128
1.31803771,0.088908147
2.796743961,0.540446316
1.555877925,0.195751477
1.454010624,0.145427902
1.513449728,0.19618549
2.436237031,0.446904234
1.532812984,0.303300527
1.398389732,0.274404847
1.495548751,0.333988032
1.904859548,0.446209953
1.701801216,0.296209139
1.666972683,0.286547027
1.651167621,0.386265116
1.839396486,0.447275885
1.62051356,0.244884315
1.680813238,0.245325133
1.873708479,0.346816159
1.890299189,0.454077168
1.677068583,0.373244154
1.521317232,0.282526835
2.199427829,0.476106781
2.606247439,0.544740836
2.404559125,0.494528363
2.009932134,0.486721209
3.582412332,0.649086414
2.080526674,0.343040516
2.079434029,0.35182148
2.125557066,0.405574781
2.089411162,0.354023799
1.530188475,0.157571485
1.567470416,0.159183108
1.605611248,0.170293435
2.099993978,0.181180075
1.607885356,0.170788172
1.420848094,0.129369354
1.346418649,0.163808524
1.608148697,0.152292513
1.412061737,0.154083496
1.294698369,0.124620791
1.217758222,0.148677486
1.399493688,0.122009294
1.38857052,0.22589539
1.318825058,0.190022877
1.275558194,0.21521809
1.906759799,0.248240899
1.654142548,0.191097992
1.513684999,0.116874458
1.394579365,0.180933918
1.955712535,0.189335479
1.94780348,0.228117729
1.882445006,0.181882409
1.709236524,0.254952618
2.252974016,0.207238434
1.475702865,0.29177856
1.359076607,0.265516088
1.314981922,0.234375912
1.546192559,0.315830125
1.038322778,0.167618734
1.01953186,0.135985306
1.016177486,0.15217128
1.020860215,0.139045214
2.069700218,0.532452546
2.107915315,0.471241493
1.703454474,0.39388652
2.127565614,0.500276521
1.491379365,0.16547342
1.496882334,0.136994313
1.307244118,0.159784115
1.656167396,0.21391112
1.707783393,0.287959064
1.721728681,0.265984678
1.484917055,0.277181516
1.786964434,0.307626446
1.699150919,0.172338566
1.645361834,0.144558694
1.374442748,0.167440513
1.705670236,0.143062574
1.38060999,0.169375426
1.413085742,0.20292263
1.19337408,0.185701782
1.418792239,0.220498798
1.442008831,0.172007905
1.431442055,0.256520451
1.260797869,0.340114839
1.499819895,0.203315184
1.532301057,0.254795557
1.430973885,0.309110482
1.293964521,0.145517289
1.646452317,0.265783374
1.806169496,0.351208341
1.684701793,0.407372038
1.435591134,0.251600996
2.189593164,0.359519292
1.74345536,0.233954323
1.687989546,0.217903597
1.465475017,0.321081596
1.895234338,0.253896118
1.556370312,0.503122454
1.451480557,0.406308891
1.318163976,0.300093826
1.685887028,0.527398946
1.704795552,0.39726101
1.624052138,0.362806113
1.44040173,0.333139849
1.79958097,0.42217035
1.991888659,0.485145392
1.728755712,0.397599698
1.531094808,0.47458133
2.129197228,0.490221788
1.502271338,0.177097688
1.482533456,0.12953557
1.389302352,0.153801153
1.573556146,0.201170257
1.384360915,0.23918897
1.280470962,0.178131611
1.179905847,0.225472544
1.378073532,0.304388279
1.863666352,0.282471514
1.693143083,0.253009985
1.482196147,0.290294853
1.859142193,0.237560912
1.431492914,0.255058908
1.376132602,0.234263616
1.245121521,0.205857358
1.437927342,0.23918869
1.626327697,0.486864136
1.262125299,0.209404905
1.1571293,0.124664764
1.27245637,0.173206442
1.391259657,0.393356556
1.109905083,0.143579826
1.061869987,0.107589933
1.110816964,0.113236738
1.092049055,0.138121358
1.059868849,0.114967872
1.036880279,0.112981744
1.06639975,0.138766862
1.644511264,0.266075543
1.445937073,0.186266181
1.279532226,0.161400589
1.498118421,0.206252146
2.041888084,0.3700225
1.651130803,0.19788482
1.428499867,0.174888006
1.934460183,0.196366319
2.202449147,0.42505901
2.136749394,0.400075511
1.848707381,0.391302133
2.397250854,0.398549537
1.424881886,0.615034284
1.254132102,0.331932012
1.185067066,0.119410327
1.265829706,0.152843864
2.393009709,0.55803926
1.689305568,0.338784175
1.377061112,0.186447489
1.725885522,0.338073537
1.749132759,0.369730102
1.761534252,0.32465386
1.504041283,0.273767193
1.763023089,0.353171919
1.039394489,0.064787791
1.038688956,0.06515883
1.030248094,0.050699127
1.042452025,0.067425507
1.529305401,0.285550619
1.878794908,0.344598673
1.386920973,0.261756848
1.808435917,0.342850274
1.44071991,0.266105067
1.227770809,0.259174282
1.098893378,0.239167594
1.072690659,0.230844879
1.59607017,0.228651495
1.69098796,0.316811272
1.416733793,0.204007409
1.757840093,0.287239278
1.530295684,0.777790927
1.103765479,0.218666391
1.065551398,0.116545564
1.408918386,0.830438913
4.326002581,0.517130979
2.584310711,0.381502555
1.793725111,0.368388197
3.376938077,0.457796334
1.43989462,0.211383186
1.379142506,0.220733876
1.279966571,0.14254646
1.383694399,0.213608409
1.168353839,0.171237044
1.165446553,0.213263473
1.133553592,0.162610402
1.34568431,0.40496907
2.432442708,0.654294385
2.603596514,0.509751516
1.941295795,0.442186403
3.866531432,0.441585216
1.825008404,0.196913728
1.701975932,0.17942628
1.421948994,0.167143743
1.901976684,0.184609439
1.514639433,0.182436011
1.426745848,0.194931288
1.260985329,0.153668321
1.65531952,0.218729837
1.602595816,0.424870085
1.741701885,0.403225443
1.509545914,0.357976537
2.556652872,0.627289553
1.429519534,0.231211763
1.366295604,0.164061524
1.238372956,0.150837552
1.385197451,0.194471539
1.331654453,0.218164503
1.383292488,0.19211823
1.262334797,0.16652372
1.594640621,0.263432729
1.517117106,0.189718102
1.518676752,0.202015871
1.365307523,0.188819316
1.679183895,0.218441138
1.265242432,0.405975462
1.189912147,0.23012541
1.180764354,0.297177086
1.259246482,0.410012902
1.7644764,0.307925812
1.473347406,0.160147164
1.355207692,0.19320958
1.636091217,0.267975666
1.561304924,0.30041644
1.404098831,0.224021822
1.309781591,0.230490531
1.456184217,0.243924691
1.811725428,0.495068788
1.559490755,0.364462812
1.410898191,0.297874313
1.756848096,0.490445894
2.26917742,0.323413478
1.86135869,0.266041136
1.615372716,0.213744357
2.310094662,0.272903813
2.479160864,0.627000468
2.109847742,0.593165503
1.853888594,0.550596026
2.631040368,0.547138551
2.148960979,0.532056372
1.868748411,0.482224699
1.645085514,0.458374659
2.302116811,0.49517239
2.017554731,0.394388683
1.88122687,0.418492062
1.582054119,0.333066342
2.293099945,0.463854187
2.308591812,0.348942455
1.992600838,0.285322752
1.584315122,0.28262304
2.147161439,0.289322122
1.524396888,0.300922856
1.498017003,0.229182308
1.200328493,0.234230631
1.606339945,0.221335684
1.558389286,0.199695512
1.463423522,0.148561737
1.247101189,0.149808052
1.697366327,0.174165899
1.746958162,0.163864242
1.605685759,0.202884445
1.390895595,0.158827615
1.696461358,0.130037525
1.688846777,0.210688219
1.542590955,0.119954698
1.357705772,0.166522997
1.584353425,0.126279823
1.605991144,0.168807884
1.54708957,0.146255513
1.456332685,0.158130463
1.520605983,0.144288556
1.527827585,0.256812494
1.386341211,0.160311013
1.21371511,0.153479629
1.331081907,0.134662648
1.253264579,0.504585471
1.341003179,0.410737299
1.254495038,0.412884686
1.485667386,0.354014668
1.426198074,0.182727445
1.472374623,0.189777192
1.346245182,0.238960229
1.533732306,0.210880489
1.399340561,0.223836312
1.398933989,0.174916255
1.243002368,0.15691823
1.350436191,0.192118357
1.542309748,0.284202578
1.568898231,0.312878103
1.374031063,0.27399281
1.67561493,0.356380304
1.976734665,0.211387365
1.97468417,0.193708788
1.619850738,0.234574009
2.212061239,0.24906685
1.680173681,0.229417785
1.582855599,0.202844425
1.425515716,0.230504005
1.563463922,0.217226436
1.7441522,0.21133591
1.675047103,0.173583334
1.55985666,0.212205474
1.766137271,0.1766342
2.228382707,0.403545636
2.65024793,0.398463046
1.957532631,0.432776865
2.752692724,0.437453454
1.686379102,0.439509715
1.652909387,0.344592628
1.462432941,0.434355365
1.760982742,0.464082078
1.903358352,0.343070266
1.821972431,0.235276166
1.596129099,0.286977446
1.84001396,0.267831492
2.672851687,0.418364371
2.471509833,0.366662454
1.879965734,0.386865251
2.338392477,0.388760808
2.364403375,0.54013296
2.444764537,0.51337281
1.843524303,0.467206886
2.310864516,0.526390081
2.372139036,0.602895966
2.268845861,0.551924386
1.832857891,0.52536294
2.348871288,0.550970306
1.914192334,0.417637527
1.954389129,0.374156314
1.525855948,0.319672606
1.858661542,0.400544429
2.009625991,0.482641237
1.892135764,0.427097515
1.510716821,0.328680579
1.847364189,0.436595988
1.374532405,0.164399454
1.259779491,0.143872899
1.245995478,0.168462706
1.40426089,0.195749085
1.57551752,0.269082679
1.280259301,0.157482408
1.198980477,0.191793435
1.385619831,0.261502535
2.653773165,0.455318343
2.228527436,0.37786947
1.816600765,0.394856393
2.294989824,0.432414047
2.35736025,0.44310459
2.270076161,0.402924273
1.915967116,0.412544104
2.273480555,0.524479154
2.855413675,0.608710697
2.656997219,0.487499456
2.17831858,0.460550464
2.648049661,0.56641159
1.52531254,0.467988487
1.563619362,0.500525063
1.494215494,0.422047075
1.639853766,0.632232073
1.377195757,0.172920289
1.276107517,0.165990461
1.232180844,0.162159634
1.329630133,0.163250945
1.372302853,0.212129491
1.30561934,0.176968345
1.232310555,0.175550325
1.326368338,0.21662158
1.856163443,0.74226611
1.587726117,0.521709094
1.330604703,0.347847555
1.566772093,0.491996387
2.261375155,0.708919512
1.954175944,0.500780636
1.544851367,0.435139319
2.103540853,0.603603539
2.819490464,0.56407422
2.476400245,0.505966375
2.016776869,0.505430256
2.963856424,0.541580806
3.003790345,0.507361211
2.572497297,0.39443809
2.214862662,0.487212436
2.872014616,0.475516268
2.174661227,0.381275914
1.945898608,0.270132136
1.66091926,0.350089514
2.231384865,0.370364298
1.399248147,0.216850625
1.410773327,0.265289687
1.299091094,0.19093465
1.502810894,0.212590611
2.643774556,0.409252854
2.77734615,0.413279432
2.16990856,0.413235507
3.220587284,0.411951033
1.430373445,0.153230727
1.411970265,0.161364656
1.295335404,0.163900705
1.497563094,0.184495585
2.615512128,0.334939221
2.286699973,0.224769063
1.879951226,0.242811258
2.508183413,0.236435677
1.562724185,0.194712668
1.551561935,0.136838846
1.269992604,0.185928426
1.635621227,0.14944115
1.439643675,0.281578754
1.442767012,0.296391263
1.289003471,0.281651279
1.471336832,0.295902611
1.486671098,0.19161456
1.605154642,0.160014438
1.315193393,0.19516059
1.57143409,0.221155527
2.40963096,0.2408342
2.530472422,0.216488039
1.883149991,0.21755044
2.912069148,0.353542302
1.583601285,0.185681096
1.418706212,0.229786009
1.333506073,0.216527216
1.409912233,0.375630335
1.345264769,0.150073724
1.245083676,0.194799273
1.203661967,0.137771867
1.245374255,0.241382159
2.361024574,0.350184205
1.931268695,0.378605494
1.674950117,0.310751129
1.700860742,0.303366712
1.926238857,0.239552555
1.493056868,0.282344453
1.42730593,0.255000908
1.306823006,0.231083649
1.330010625,0.1110155
1.294806985,0.127261198
1.220618076,0.147033957
1.249217689,0.188527074
1.435846143,0.228631713
1.416443845,0.375972041
1.346396413,0.275148908
1.520381274,0.52390573
1.595328419,0.261948091
1.463585115,0.269784594
1.43926568,0.262449441
1.449648702,0.347274262
6.328233846,0.695431343
6.474652107,0.779075687
3.27682424,1.073366685
6.036739046,0.830741345
1.160734945,0.206754159
1.158495829,0.115961377
1.124256311,0.12261573
1.193841619,0.141935187
1.502419155,0.276592917
1.533839166,0.301093637
1.322878624,0.306337031
1.799576386,0.567160709
1.713747204,0.309883191
1.73563327,0.271234406
1.527630108,0.305839186
1.699592944,0.318984133
1.218723146,0.099350598
1.211100399,0.099923528
1.16491709,0.105915516
1.254060917,0.139145041
1.432888491,0.106242824
1.406404229,0.093011227
1.300048529,0.131030108
1.668625301,0.221917977
1.65503328,0.345196682
1.684758953,0.355388787
1.41603968,0.36529932
1.699922861,0.364405529
1.146287727,0.144891445
1.140479435,0.123137241
1.104747434,0.15206204
1.129140302,0.129382096
1.230729425,0.313173802
1.158806063,0.185558575
1.134242107,0.239361657
1.181475242,0.277620646
1.549685785,0.267006697
1.599557751,0.299886528
1.341825757,0.23972781
1.577638052,0.293129296
2.162504321,0.620858373
2.218922317,0.534316938
1.724909682,0.457389628
2.091650741,0.459615904
2.054041054,0.387435819
2.112223013,0.371501457
1.829339546,0.391318009
2.197071837,0.424239593
1.868020727,0.250901369
1.699510877,0.227773827
1.486620082,0.228136816
1.899121443,0.248829117
1.38380268,0.182335781
1.358151387,0.255893268
1.318664332,0.212997792
1.27414207,0.187996954
1.110772571,0.134065066
1.105070567,0.118071378
1.105227785,0.123369849
1.096805469,0.159415342
1.074769019,0.080336558
1.069394622,0.106980681
1.08880588,0.142355989
1.055605614,0.09671985
1.059640974,0.073977987
1.062571111,0.062745918
1.062477916,0.064271453
1.056326648,0.04879717
1.163277433,0.083486915
1.183496063,0.40641725
1.159237941,0.328083725
1.190810355,0.347024277
1.69773094,0.247387167
1.592436319,0.201687272
1.452178302,0.306548995
1.560662089,0.204973025
1.479071344,0.243577179
1.427910388,0.180724116
1.333346562,0.166888329
1.390448607,0.242842562
1.034918815,0.088527074
1.046688985,0.096860199
1.049031327,0.104543682
1.038971022,0.100462084
1.278335739,0.234168768
1.26891775,0.205735859
1.246235919,0.171632562
1.330325837,0.198744831
1.711934528,0.350610018
1.85511364,0.589541652
1.599003104,0.505109273
1.615119029,0.532728492
1.428850845,0.25883328
1.34048656,0.269605829
1.239236538,0.163598079
1.28260215,0.200921431
1.355831492,0.215172666
1.377831857,0.195962716
1.245162856,0.167455114
1.513997054,0.25188392
1.417567818,0.342667043
1.366379368,0.271744084
1.295172375,0.171007387
1.451375432,0.376262466
1.194106174,0.233788344
1.303496652,0.248080808
1.244527583,0.203680915
1.405611672,0.273714456
1.220428419,0.140137225
1.217397811,0.140274948
1.188201816,0.138232952
1.237740363,0.140134855
1.300940253,0.142495273
1.382661651,0.196044172
1.276831542,0.160829196
1.446119838,0.158569693
1.093143915,0.059119603
1.126524678,0.090483944
1.112735323,0.255675277
1.140117078,0.145418864
1.053210452,0.065455792
1.053297979,0.099807471
1.051286729,0.091040877
1.068296616,0.185943429
1.272209752,0.142825146
1.264853433,0.130686386
1.177226864,0.117098005
1.319354238,0.158535055
1.279470861,0.147361096
1.263027253,0.129734445
1.181996268,0.152681554
1.319580677,0.173920204
1.644633257,0.403480748
1.745414082,0.295453383
1.592241107,0.322635306
1.879172244,0.250886062
1.758322898,0.254601408
1.922758072,0.302603673
1.78684448,0.326734397
2.451761625,0.309576511
1.485266989,0.186991096
1.934361798,0.304084196
1.537007185,0.240618924
2.177004444,0.245957518
1.2547794,0.161150419
1.55966309,0.169747422
1.33637255,0.204504025
1.600181311,0.153996473
1.194002665,0.130935234
1.188926582,0.117912232
1.169820358,0.162265643
1.194606851,0.181579731
2.252530649,0.607867701
1.835141603,0.537052945
1.866231619,0.899560037
1.998535605,0.606546843
2.043599232,0.396277613
2.085705181,0.345513367
1.686688396,0.367963712
1.925191913,0.363024523
1.47066677,0.146052254
1.421779845,0.112211314
1.328473734,0.151846763
1.471370929,0.142944202
1.432639781,0.478200429
1.216938666,0.153045829
1.441769476,0.410073426
1.243626768,0.175257877
2.482496303,0.349320276
2.083539582,0.312900482
1.87578412,0.50103844
1.754784865,0.2808858
1.359318959,0.180882448
1.39097585,0.248378947
1.280840591,0.190038723
1.532235882,0.254978502
1.288886812,0.391899207
1.143048267,0.0881572
1.122227291,0.115353239
1.180672491,0.079394174
3.496188627,0.366146094
3.908413629,0.482748849
3.113796247,0.586481109
4.286986092,0.44159585
1.34150067,0.139698315
1.446381146,0.164929094
1.295827675,0.148379214
1.626157759,0.21686391
1.355588707,0.201420438
1.459865572,0.239866942
1.362506102,0.325909123
1.568603301,0.418307917
1.309194571,0.275470271
1.322245607,0.258133366
1.263118583,0.206085009
1.288260208,0.206851235
1.97666757,0.263681369
2.102849906,0.210212609
1.74057207,0.253245338
2.390878255,0.218623631
1.54860548,0.202896185
1.903483665,0.272849203
1.662121737,0.247782591
1.920292685,0.309407645
1.2262635,0.16373069
1.207805896,0.135738881
1.159286314,0.125173786
1.240572922,0.196406811
1.952318804,0.366069038
1.602949277,0.197395197
1.45258726,0.192790264
1.573828808,0.211315933
1.615627232,0.17937177
1.788181645,0.183313133
1.413130771,0.144631104
1.868605829,0.19228042
2.073513141,0.271653233
1.867434286,0.173080281
1.507460638,0.224461992
2.018411944,0.220574693
1.252867859,0.18904045
1.279821234,0.16590869
1.240764316,0.160070391
1.27225816,0.183314143
1.178731491,0.137570912
1.18120554,0.167050985
1.168450669,0.145172977
1.174841092,0.20025739
1.775431976,0.440167762
1.6676,0.382071625
1.612007423,0.422890406
1.795437499,0.505470122
1.796221381,0.516418818
1.852290054,0.468697192
1.783660008,0.446516688
1.763938788,0.451304977
1.230193438,0.209829036
1.2654109,0.311619084
1.209371575,0.195190249
1.260720262,0.324916875
1.292120278,0.230315125
1.331184646,0.353642568
1.250793681,0.234354726
1.331524949,0.471150532
1.991570557,0.419699766
2.103464635,0.447790523
2.090938547,0.40950305
2.206497641,0.461763554
1.521974602,0.36106134
1.659617206,0.425075668
1.675632523,0.308290425
1.669701959,0.427114823
1.158001488,0.177764631
1.17205026,0.120343248
1.146814484,0.131294501
1.176614263,0.130867807
1.436360086,0.195021918
1.374049347,0.183017598
1.302009665,0.164642822
1.490673874,0.249922685
1.218683164,0.095340972
1.233793973,0.216804959
1.194807762,0.186748382
1.245201921,0.120580593
0.976993463,0.153959609
0.972772426,0.148395611
0.964478715,0.164689981
0.980670959,0.138938744
1.192378676,0.383868573
1.212503628,0.456007604
1.131737813,0.34782055
1.262979179,0.598418962
1.152248305,0.29972657
1.148935633,0.383218977
1.106585361,0.222536252
1.121160661,0.321496674
1.164446168,0.180267137
1.129401795,0.174740651
1.077792933,0.140057035
1.116958865,0.146753671
1.276152461,0.363668637
1.246678815,0.415860193
1.195706918,0.259942132
1.218639256,0.232650273
1.390249388,0.091648426
1.387110262,0.084794629
1.369439193,0.085418777
1.412710466,0.084534587
1.785295872,0.25558047
1.709699499,0.201049639
1.616625835,0.241643007
1.931519149,0.274212658
2.245622738,0.402832263
2.083168461,0.327932919
1.896337275,0.396230487
2.410908127,0.358476811
1.871705228,0.16790257
1.862629615,0.129753923
1.864150904,0.41456723
2.085248884,0.171348244
1.870493053,0.15089625
1.730080741,0.130126385
1.62942034,0.151268952
2.134686474,0.219903861
2.357966131,0.30124913
2.306168887,0.272930243
2.078634641,0.274732221
2.491984988,0.280997185
2.223715832,0.401731172
2.133249082,0.295387798
2.021271561,0.292835626
2.329828619,0.280699185
1.833472989,0.14996428
1.985910863,0.135983463
1.839214954,0.170881656
2.193435284,0.167052095
1.435493965,0.118613706
1.328647822,0.088913277
1.275367279,0.108088814
1.54677824,0.174618962
1.472293225,0.142735214
1.301912926,0.108915599
1.210261447,0.115464429
1.405371667,0.292989699
1.585506805,0.151523435
1.736560541,0.161531157
1.624957403,0.17289026
1.779445199,0.276913338
1.779237879,0.111881933
1.719388476,0.118638622
1.555537142,0.1362169
1.722689301,0.241656248
1.62260956,0.113051883
1.594826807,0.107827926
1.40062357,0.157651224
1.761633993,0.18567167
1.756107912,0.224310432
1.827373473,0.181485028
1.674411405,0.203382359
1.876493949,0.188117176
2.698341861,0.393705693
2.007217916,0.302108969
1.735065816,0.336388419
1.742361614,0.249858343
1.612610834,0.181132401
1.557761162,0.138084723
1.403680366,0.148665997
1.716058613,0.159451182
1.724852518,0.224140929
1.584350718,0.158520204
1.490724839,0.149964289
1.632863904,0.128160916
1.364950594,0.156453818
1.383122291,0.132705593
1.305073608,0.133167456
1.403351465,0.131117343
1.134402909,0.273678628
1.107755156,0.190330792
1.097447762,0.307922574
1.113564079,0.162915412
1.707932675,0.32843452
1.57116424,0.394794888
1.446633731,0.423925978
2.128208771,0.577875664
2.200017149,0.507530226
2.062454162,0.352337904
1.832094411,0.369573738
2.91849421,0.538781329
1.387781559,0.145756811
1.35495779,0.164417006
1.287154722,0.236092273
1.456365101,0.170182216
1.519065579,0.248424334
1.384768583,0.196654617
1.320955539,0.195718031
1.497453202,0.224435033
1.415084382,0.263669594
1.315733372,0.209136944
1.186205624,0.204353527
1.386879961,0.244612593
1.619680541,0.323581217
1.670258518,0.36023057
1.44484066,0.335657384
1.693738418,0.374703445
2.512418158,0.404044211
3.107633246,0.403959626
2.000979932,0.420620455
2.986719324,0.424607871
1.904780881,0.427572479
2.591054148,0.415665073
1.732076373,0.48506445
2.473064738,0.427505417
2.015459717,0.365853284
3.21913969,0.39553712
1.681026664,0.349733742
3.448626048,0.406299291
1.287617529,0.185678668
1.391103704,0.149528443
1.223092919,0.178740034
1.371858685,0.142900231
1.373962116,0.306917786
1.483387592,0.337038219
1.334542602,0.372141246
1.442374839,0.272731212
1.637282168,0.645420591
1.819112387,0.675577418
1.397313887,0.456592997
1.714580907,0.601050149
1.613828077,0.408146048
1.685555672,0.356732667
1.393767929,0.418453353
1.743342409,0.382897026
1.275464681,0.380110767
1.325133188,0.354013049
1.169127892,0.207804868
1.276042061,0.271198781
1.358311711,0.107920712
1.36361163,0.106236059
1.293268935,0.106006773
1.324281404,0.116766325
1.23082994,0.097746253
1.255638969,0.123059077
1.168143685,0.096505973
1.230775012,0.09490547
2.111921578,0.456065017
2.238012805,0.440135349
1.856982337,0.340701092
2.775888916,0.523373757
2.401022761,0.411612605
2.588973345,0.409897969
2.109929875,0.401926148
3.381707762,0.444949169
1.223619933,0.409600728
1.407983504,0.341884963
1.344814559,0.310056484
1.317688257,0.321100434
1.461917378,0.356741059
1.386199934,0.292561552
1.343823345,0.224572951
1.268181648,0.219606889
1.304547005,0.410226609
1.356250061,0.312252166
1.203936159,0.348040223
1.279266653,0.425643082
1.414180138,0.297028868
1.480170351,0.391791985
1.270388579,0.3290833
1.462853278,0.285398756
1.457995281,0.451805069
1.603118748,0.491778158
1.275227371,0.429675922
1.61581998,0.61504742
1.197978646,0.366332572
1.135567231,0.212556152
1.104909217,0.196683031
1.207205743,0.554816656
1.428112607,0.156697862
1.694309952,0.206245832
1.314157172,0.20116305
1.591293536,0.196635711
1.960805128,0.40150624
2.59345145,0.369289061
1.62631974,0.367396128
2.526676412,0.386856189
1.785684014,0.479923954
2.220736192,0.493128464
1.548362535,0.439510184
2.152541005,0.49616743
2.449915307,0.429497072
2.402661001,0.353884477
2.177376903,0.482757884
2.475411857,0.368681183
1.347139908,0.264025606
1.273461873,0.186951258
1.174312998,0.168829707
1.337352945,0.211418342
1.433848916,0.330775405
1.356400684,0.311654906
1.217156209,0.222984136
1.548127912,0.33192576
1.610928326,0.268849665
1.474375893,0.177824679
1.399566217,0.182193619
1.67515705,0.388659702
2.252642443,0.357945341
2.226671263,0.213882689
1.759913563,0.257389886
3.157076288,0.360833364
1.368272913,0.260564151
1.306807508,0.344027234
1.220839717,0.314944563
1.371820938,0.343446208
1.337008881,0.224064008
1.230227453,0.14812807
1.173952112,0.183972885
1.352323068,0.298220853
1.992636467,0.292473788
1.727286302,0.149925938
1.496206531,0.15959266
1.81004181,0.167930103
2.143023061,0.465984216
1.8816664,0.334516118
1.615305276,0.257191206
1.960765003,0.345598701
2.002057403,0.373321258
1.632035791,0.235013761
1.503804379,0.33319635
1.827081025,0.305950321
2.1500028,0.382566876
1.857104673,0.297222086
1.734660905,0.329173135
1.939943928,0.331091764
1.880505418,0.344104411
1.825225844,0.326732818
1.605270807,0.322813759
1.994294818,0.34215491
1.539638223,0.141272842
1.405577785,0.100495596
1.327018722,0.11221037
1.434342705,0.088530925
1.774709312,0.179689637
1.722577976,0.131689806
1.612830826,0.166273919
2.037038034,0.148782441
1.62155109,0.224070327
1.674133089,0.20539947
1.621304037,0.226889627
2.01828433,0.200093785
1.502738395,0.232423593
1.47354433,0.101975595
1.326924666,0.128772021
1.551134162,0.113622606
1.658470768,0.32362757
1.448647206,0.118276805
1.357637535,0.13341799
1.778734261,0.181313635
1.737771428,0.19430571
1.640251439,0.18640275
1.667617383,0.22671741
2.187363845,0.228773337
1.635698661,0.295979672
1.730301661,0.268848365
1.740385689,0.305315117
2.145544008,0.302840897
1.564995475,0.30579773
1.695117916,0.300875438
1.749529097,0.292793158
2.03297807,0.32224023
1.883907735,0.169712518
1.756953842,0.136009859
1.752756656,0.197615653
2.098025449,0.139491885
1.41335009,0.221150119
1.376736296,0.176897323
1.304951142,0.213315977
1.592117914,0.204451335
1.493925859,0.262825329
1.39736163,0.204856901
1.269790966,0.209005118
1.577639582,0.231525151
1.322839842,0.213595973
1.248797962,0.160028103
1.165531942,0.157522957
1.436115863,0.25998353
1.073402385,0.13630481
1.060991416,0.10584058
1.050652048,0.139987251
1.180560377,0.214318085
2.964378455,0.462409866
2.789783997,0.384567789
2.155124393,0.401261982
2.831109055,0.424364897
2.262166852,0.433799997
2.110054367,0.422929324
1.727908824,0.404556053
2.034756604,0.479719899
1.307622345,0.118403137
1.326985936,0.0810344
1.259886038,0.086378923
1.31754845,0.084044909
1.228866738,0.156596533
1.20625259,0.106655145
1.139574246,0.117201507
1.215804644,0.119328494
1.539396446,0.2725172
1.726037945,0.344864526
1.647928341,0.208746839
1.668213248,0.319558155
1.642783487,0.244225482
1.751725911,0.289755824
1.840046044,0.322315147
1.589315213,0.310957661
1.345592817,0.216678444
1.474734672,0.272515352
1.317740265,0.266937412
1.498848018,0.298878144
1.134341287,0.213367624
1.175135421,0.200110471
1.132607373,0.236405386
1.1588379,0.305615578
1.172519433,0.432212118
1.201905176,0.332818927
1.213823756,0.321510639
1.184038399,0.269575746
1.433029214,0.308055562
1.527980645,0.367592829
1.571282692,0.338693566
1.532834227,0.443785849
2.890230772,0.502203157
2.840858182,0.648728143
2.220825837,0.649253426
2.575701994,0.682961464
2.769229914,0.511282417
2.708321083,0.610488552
2.354906802,0.579096305
2.594133433,0.669219867
1.854468257,0.416467486
1.990635866,0.436480614
1.671664703,0.360765021
2.611941862,0.587733565
1.523773013,0.229179558
1.622424728,0.291578269
1.323716802,0.226253561
1.97518595,0.416450151
1.432579304,0.182806036
1.411732656,0.268104338
1.287968484,0.313221288
1.65830259,0.353952896
1.658913675,0.311639987
1.481527874,0.242153133
1.349206772,0.320693929
1.846262713,0.353588834
1.453355617,0.178453754
1.403500856,0.178407409
1.313070889,0.228928243
1.418955302,0.180121742
1.580601386,0.472585916
1.464466877,0.272525111
1.354001924,0.252960874
1.558624017,0.415133859
1.853975731,0.265255883
1.74308404,0.238791496
1.644909158,0.303516576
1.765869795,0.277134896
1.461423201,0.292260098
1.503250713,0.262325037
1.429994643,0.26672765
1.556025544,0.271231586
1.470666047,0.225149672
1.509499188,0.20936977
1.362598281,0.18716862
1.53025092,0.237220225
2.347776609,0.461003651
2.440108765,0.42867318
1.913564936,0.329665391
2.410681418,0.470679245
1.606689319,0.451574551
1.649943819,0.422140842
1.696991549,0.396918705
1.610463196,0.502909932
1.390396759,0.301408747
1.356202895,0.305493219
1.23033583,0.231392774
1.372574245,0.287598515
1.220178266,0.198131371
1.268961209,0.29180517
1.204365618,0.278425653
1.228261022,0.230108321
1.60873178,0.313973528
1.677516626,0.305458982
1.429989385,0.327390298
1.682969839,0.323943394
2.010715246,0.338340176
2.103059863,0.326865653
1.775396996,0.281816851
2.27608647,0.384203975
1.395618995,0.234843251
1.429351058,0.295505363
1.357757096,0.226753515
1.436039158,0.257386965
1.516698801,0.297661754
1.465861745,0.310254716
1.488933888,0.340522249
1.508999737,0.406680212
1.640752945,0.29849027
1.617164646,0.357004964
1.543836743,0.349344559
1.803376583,0.55558939
1.399946693,0.187869207
1.35488696,0.206015022
1.297994414,0.147174006
1.432840573,0.24466783
1.498858014,0.228656217
1.40194146,0.175927094
1.313907167,0.141820761
1.509916608,0.296618197
1.671708659,0.509169129
1.483916454,0.340656083
1.425126604,0.249044854
1.553204742,0.345302224
1.459891516,0.266261104
1.38456025,0.253530752
1.311079653,0.16306461
1.407434917,0.332976692
1.764565065,0.40735152
1.609720956,0.313503778
1.395387375,0.336264481
2.038400131,0.463170168
2.266060519,0.431056964
2.386690439,0.433045797
2.030200938,0.403136601
2.990681509,0.378810553
2.714187367,0.453672536
3.004368934,0.414253586
2.779739039,0.406208444
3.39515517,0.447024856
1.801543139,0.321443942
2.01392447,0.321986865
1.750981513,0.288110016
2.050645976,0.361410075
3.661493068,0.469738012
3.204035007,0.359007868
2.708187961,0.440385439
4.491655718,0.415254756
2.862407752,0.349497349
2.509467939,0.280887005
2.213534057,0.327746911
3.011075589,0.319148602
1.257156047,0.093888005
1.220561044,0.060324452
1.201335372,0.090620974
1.336895052,0.098679272
1.227925474,0.151888633
1.235464478,0.134871876
1.20174312,0.152227072
1.522903686,0.240579163
3.298370846,0.632804891
3.044205737,0.533725117
2.543131635,0.586071276
3.456684387,0.446287619
2.464549678,0.325556265
2.413958868,0.244047688
1.863054816,0.324570126
2.473979282,0.27828129
1.976624605,0.321241199
1.777313284,0.329144233
1.524247641,0.258102072
1.815256625,0.305594243
1.872110027,0.286715596
1.71459084,0.272237107
1.4614227,0.249426263
1.808406145,0.28360499
1.373985934,0.191147617
1.364375641,0.22113201
1.297350974,0.201654476
1.459235257,0.303688543
1.369849323,0.283693852
1.47596566,0.27157264
1.334389029,0.2414139
1.588527613,0.271699911
1.588665619,0.300566758
1.809892278,0.283353605
1.643761675,0.303312909
2.016364144,0.276741321
1.638004734,0.588422539
1.744496103,0.398048876
1.452104923,0.306584851
1.891657181,0.344261233
1.86806034,0.334605405
1.952530906,0.331931067
1.693768045,0.335954393
2.272657665,0.325599821
2.240639518,0.283778918
1.980082695,0.298501416
1.774263877,0.311367415
2.20162272,0.291563149
2.890794641,0.505400497
2.574174079,0.459945884
2.179550352,0.474437079
2.458415405,0.441895682
1.779152173,0.266307523
1.856620541,0.231649366
1.472239395,0.207099593
1.880290784,0.278615918
1.593934811,0.287380567
1.926751714,0.336822022
1.443593591,0.267227325
2.068433696,0.40990729
1.874630124,0.259585701
1.86727688,0.22494659
1.390803546,0.229697747
2.20371932,0.331473954
2.402548538,0.294227832
2.068072364,0.25062553
1.818408008,0.339669424
2.151315354,0.329550424
1.582202528,0.252459074
1.916110838,0.266357935
1.559958631,0.291356848
2.308014175,0.341839142
1.38981125,0.225312891
1.631264349,0.218303802
1.390074665,0.237494536
1.816798686,0.201878502
1.586165625,0.235126517
1.681828381,0.267078081
1.446573878,0.241004945
1.759014612,0.321608539
1.225162621,0.320005156
1.227684814,0.32320197
1.203681079,0.272623401
1.234764019,0.27295371
1.579336201,0.39305494
1.794221161,0.587233787
1.405733975,0.377407833
2.154440797,0.61481847
2.07227447,0.475177661
2.347732929,0.414336037
1.636756584,0.36438357
2.550931174,0.434291806
1.511458074,0.263867452
1.670305481,0.34724333
1.380270346,0.248980119
1.82073374,0.317185562
1.59876244,0.343709033
1.586740782,0.178912388
1.473068972,0.27628369
1.622418994,0.188853627
1.900110181,0.312652809
2.312981564,0.312254614
1.793226968,0.365644043
2.011076118,0.333410254
2.146129703,0.372265197
2.468769832,0.335291937
1.717925053,0.344391153
2.300913432,0.292562802
1.314696413,0.287629364
1.312039598,0.340301312
1.260001927,0.252335643
1.26829511,0.229663179
1.329603131,0.232627728
1.279889801,0.202142312
1.243023423,0.216349311
1.260351151,0.209153203
1.147708982,0.101065571
1.172991917,0.189136284
1.123784598,0.121066074
1.173404213,0.126223333
1.265811595,0.336952221
1.407322186,0.286505664
1.251586678,0.299680659
1.477815543,0.277157507
1.355990291,0.297414328
1.439759216,0.354433354
1.247893398,0.369281237
1.444111885,0.35464845
1.346144044,0.237240948
1.386046941,0.390563539
1.271052813,0.479658954
1.385518898,0.366602631
2.684289814,0.745191055
3.247912807,0.675990431
2.301265604,0.44731092
3.348913315,0.746808086
1.690878524,0.357005277
1.730347173,0.43029611
1.76752322,0.441696258
1.688183963,0.503388081
1.440456772,0.421551895
1.391423143,0.356074807
1.425138467,0.437690673
1.396578399,0.414767302
1.508450288,0.555696094
1.396400332,0.516274684
1.574663805,0.59137576
1.346173782,0.583157507
1.360952167,0.346640606
1.37096999,0.36724107
1.301753379,0.472595646
1.422038525,0.518407792
1.429578894,0.345388796
1.472950537,0.359891096
1.293300717,0.375765976
1.512441717,0.354089107
1.389974984,0.31607509
1.566630093,0.35359054
1.314419191,0.320863712
1.554067389,0.397257755
1.09771862,0.135223608
1.130110494,0.134231267
1.088578927,0.166882681
1.094490167,0.085990023
1.144158203,0.188668035
1.174197072,0.21307651
1.140184604,0.203005122
1.187409709,0.242997507
1.26087114,0.465763774
1.347164359,0.497364704
1.252636351,0.452004972
1.323402321,0.54151629
2.011638819,0.316556902
2.377245189,0.31188618
1.718093801,0.331460613
2.377568088,0.33088273
2.519866867,0.404480877
2.922610209,0.411261476
1.974148293,0.447660497
2.8804382,0.416663996
1.616584949,0.304948718
1.61618836,0.329116173
1.461879414,0.28500504
1.641066128,0.368358697
1.646311088,0.41628666
1.779928744,0.468044044
1.478815793,0.385156902
2.00564915,0.481411763
1.628934027,0.466531461
1.929818724,0.513319631
1.381636506,0.366335155
2.14270862,0.575535933
1.400162597,0.224195079
1.560220089,0.408039642
1.359983826,0.245889275
1.615765294,0.448290936
1.405548123,0.354145923
1.526088519,0.497942448
1.377449685,0.340947306
1.718481587,0.525853834
2.562853814,0.373669892
2.759067508,0.36366101
2.130423115,0.447738212
3.548087434,0.411136719
1.733458364,0.276087964
1.972883491,0.250139397
1.494227181,0.299276999
2.060386868,0.222263783
1.629877736,0.227479594
1.851385098,0.270374593
1.505020616,0.281828708
1.854465237,0.221325306
2.337352882,0.35797793
2.572729803,0.389244359
1.716660976,0.418310194
2.602343491,0.395266573
1.567933928,0.258101353
1.826567905,0.313602724
1.387149858,0.293819711
1.891636939,0.312675624
1.482402555,0.512528679
1.908650995,0.453861624
1.447055414,0.371962666
1.952209632,0.414537761
1.646841436,0.572934915
1.975748374,0.317486761
1.563985782,0.406290739
2.366507935,0.33786467
2.037815985,0.71162342
2.551651365,0.631868976
1.965223973,0.587147036
2.939006148,0.555248888
2.019781159,0.411529117
1.981477503,0.242499441
1.705898438,0.260775196
2.069918197,0.279393168
2.387771452,0.315775557
2.059735775,0.308784699
1.841526312,0.340104254
2.098718517,0.320567629
2.074334318,0.471336902
1.739864136,0.449625812
1.569281314,0.418878324
1.819282712,0.511502592
2.50058701,0.237010826
2.358700673,0.235718953
2.049533994,0.269530322
2.40727132,0.282746532
1.490776794,0.168099978
1.389475768,0.133652148
1.363135356,0.173684184
1.400963419,0.145205684
2.032602339,0.361302079
1.700909963,0.175058031
1.528604183,0.214407632
1.922409371,0.247051263
1.668713194,0.258282158
1.565700721,0.165764263
1.387389838,0.214089609
1.754351752,0.212768325
2.634944168,0.311712322
2.430994662,0.303989379
1.831935492,0.324144154
2.862992859,0.359776145
2.534115399,0.41659858
1.933327585,0.35690679
1.903910195,0.374928828
2.354886444,0.351259147
2.180175103,0.421214974
1.759507566,0.382751163
1.745371528,0.325808579
1.710995652,0.382602271
3.180654088,0.31439075
2.755624949,0.272110927
2.342557525,0.322165859
2.770659889,0.32573914
2.723582213,0.327202114
2.141357644,0.216642667
1.832926348,0.219235761
1.936482596,0.220013709
2.059454972,0.363822621
1.80637139,0.197566347
1.65263199,0.19525879
1.644373605,0.205749871
1.630546112,0.469391061
1.38608413,0.125330337
1.302900481,0.105818845
1.457793026,0.129363781
2.253634087,0.24927192
2.062267073,0.241564343
1.733945561,0.294975158
2.726778044,0.337886078
1.992106926,0.337880326
2.099114635,0.311327205
1.619445432,0.332182232
2.898678378,0.369469936
1.502997314,0.325715811
1.469834391,0.193547915
1.300917553,0.136525706
1.482351971,0.211077617
1.55326875,0.286057328
1.786850386,0.221191148
1.379598802,0.224839721
1.802784623,0.265559671
2.381828745,0.217247345
2.342476733,0.171055541
1.644151235,0.217224507
1.778798842,0.26073515
1.824410857,0.17540029
1.664622663,0.137893172
1.418111398,0.127916109
1.746889712,0.236953981
2.656666258,0.610845543
2.868895352,0.728519197
2.12590529,0.578083788
3.122763091,0.777872107
1.784764642,0.754396738
1.583886632,0.509074036
1.386956378,0.401937021
1.936671295,0.777434378
2.049604469,0.444079133
2.041342219,0.392659646
1.425212917,0.515243052
1.603731227,0.471992319
2.243575578,0.460795456
2.31533326,0.465477535
1.613928985,0.379676486
2.050171782,0.552369154
1.483316691,0.209797649
1.491205699,0.255868997
1.284074076,0.178792077
1.458834039,0.230063709
1.500773503,0.315167759
1.463521762,0.308391563
1.286087672,0.26195103
1.589899812,0.307124208
2.671764744,0.719816518
2.440865674,0.763467708
1.974918527,0.645161178
2.607183569,0.849575834
1.529083109,0.343862265
1.572960511,0.438723527
1.378703202,0.246698318
1.669873647,0.485873425
2.255648247,0.710626745
1.78396134,0.421259659
1.679483654,0.396729869
2.334560793,0.594708012
1.702137462,0.509785645
1.557834598,0.408321208
1.495041548,0.434709517
1.65631703,0.47397525
2.390049394,0.486813016
2.028552259,0.375022265
1.751887235,0.328842536
2.216809521,0.3789916
2.045084771,0.443231275
2.194513488,0.537351149
1.911313057,0.429124503
2.309033852,0.590521901
1.545856617,0.281426964
1.536865563,0.356059648
1.309046792,0.234729271
1.483431664,0.310815329
1.40823758,0.372651018
1.375749736,0.229753081
1.216065129,0.198141073
1.343506998,0.292330328
2.095449376,0.715420613
1.60428849,0.381534017
1.352478138,0.33688114
1.523770345,0.439939832
1.994904026,0.594176207
1.745345409,0.541677514
1.563086126,0.459744766
2.266754196,0.697220632
3.146103336,0.597487723
1.947601057,0.488497043
1.553599194,0.503884538
2.633982138,0.514006815
3.604749963,0.475529785
3.741313184,0.448897546
3.339350473,0.398614348
4.404675837,0.438047701
2.240921486,0.319922419
1.789940772,0.121228644
1.576291741,0.131332856
2.054328522,0.255795193
2.017511135,0.446449622
1.653324832,0.204888538
1.490951229,0.192573113
1.977810245,0.264244617
2.266175604,0.470672552
1.772937102,0.385594865
1.497167256,0.316289366
2.688569984,0.29032398
1.902969169,0.376257035
1.579959916,0.274295811
1.364932673,0.166048646
1.965650387,0.283441414
1.731005241,0.399840416
1.562708621,0.319808209
1.382532134,0.259259836
1.769865452,0.362422869
